{"cameraMode":{"drawMode":0,"name":"Shaded","section":"Shading Mode"},"sceneLighting":false,"audioPlay":false,"sceneViewState":{"showFog":true,"showMaterialUpdate":false,"showSkybox":false,"showFlares":true,"showImageEffects":true,"showParticleSystems":true},"in2DMode":false,"pivot":{"x":-5.513429641723633e-7,"y":0.2392524629831314,"z":-0.000004887580871582031},"rotation":{"x":0.09442245215177536,"y":-0.0716194435954094,"z":0.006810635793954134,"w":0.9929303526878357},"size":0.84585040807724,"orthographic":false}