{"cameraMode":{"drawMode":0,"name":"Shaded","section":"Shading Mode"},"sceneLighting":true,"audioPlay":false,"sceneViewState":{"showFog":true,"showMaterialUpdate":false,"showSkybox":true,"showFlares":true,"showImageEffects":true,"showParticleSystems":true},"in2DMode":false,"pivot":{"x":32.721031188964847,"y":25.237218856811525,"z":-26.796417236328126},"rotation":{"x":0.18296656012535096,"y":-0.25280803442001345,"z":0.04875083640217781,"w":0.948807954788208},"size":3.705476999282837,"orthographic":false}