{"cameraMode":{"drawMode":0,"name":"Shaded","section":"Shading Mode"},"sceneLighting":true,"audioPlay":false,"sceneViewState":{"showFog":true,"showMaterialUpdate":false,"showSkybox":true,"showFlares":true,"showImageEffects":true,"showParticleSystems":true},"in2DMode":false,"pivot":{"x":-1.8988804817199708,"y":-0.7065691947937012,"z":-0.07388260960578919},"rotation":{"x":-0.1584736704826355,"y":0.7071561217308044,"z":-0.16767309606075288,"w":-0.668357789516449},"size":6.007659912109375,"orthographic":false}