{"cameraMode":{"drawMode":0,"name":"Shaded","section":"Shading Mode"},"sceneLighting":true,"audioPlay":false,"sceneViewState":{"showFog":true,"showMaterialUpdate":false,"showSkybox":true,"showFlares":true,"showImageEffects":true,"showParticleSystems":true},"in2DMode":false,"pivot":{"x":-2.7606585025787355,"y":4.7235188484191898,"z":8.911909103393555},"rotation":{"x":0.03086157701909542,"y":-0.044962357729673389,"z":0.001394955557771027,"w":0.9985108971595764},"size":24.360816955566408,"orthographic":false}