{"cameraMode":{"drawMode":0,"name":"Shaded","section":"Shading Mode"},"sceneLighting":true,"audioPlay":false,"sceneViewState":{"showFog":true,"showMaterialUpdate":false,"showSkybox":true,"showFlares":true,"showImageEffects":true,"showParticleSystems":true},"in2DMode":false,"pivot":{"x":-0.8700000047683716,"y":-0.7065691947937012,"z":-0.07388259470462799},"rotation":{"x":0.371799111366272,"y":-0.3664011061191559,"z":0.16270123422145844,"w":0.837283730506897},"size":51.18339538574219,"orthographic":true}