{"cameraMode":{"drawMode":0,"name":"Shaded","section":"Shading Mode"},"sceneLighting":false,"audioPlay":false,"sceneViewState":{"showFog":true,"showMaterialUpdate":false,"showSkybox":true,"showFlares":true,"showImageEffects":true,"showParticleSystems":true},"in2DMode":false,"pivot":{"x":0.0,"y":0.36000001430511477,"z":0.18000003695487977},"rotation":{"x":-0.1584736704826355,"y":0.7071561217308044,"z":-0.16767309606075288,"w":-0.668357789516449},"size":4.041658878326416,"orthographic":false}